{"cameraMode":{"drawMode":0,"name":"Shaded","section":"Shading Mode"},"sceneLighting":true,"audioPlay":false,"sceneViewState":{"m_AlwaysRefresh":false,"showFog":true,"showSkybox":true,"showFlares":true,"showImageEffects":true,"showParticleSystems":true,"showVisualEffectGraphs":true,"m_FxEnabled":true},"in2DMode":false,"pivot":{"x":647.6314697265625,"y":948.4611206054688,"z":-189.97531127929688},"rotation":{"x":-0.002620985731482506,"y":0.9848448038101196,"z":-0.17311304807662965,"w":-0.014769422821700573},"size":375.185302734375,"orthographic":false}